<?xml version="1.0" encoding="UTF-8"?>
<project-private xmlns="http://www.netbeans.org/ns/project-private/1">
    <editor-bookmarks xmlns="http://www.netbeans.org/ns/editor-bookmarks/2" lastBookmarkId="0"/>
    <open-files xmlns="http://www.netbeans.org/ns/projectui-open-files/2">
        <group>
            <file>file:/C:/Users/diurno/workspace_ad/Examen2Ev/src/java/model/Alergeno.java</file>
            <file>file:/C:/Users/diurno/workspace_ad/Examen2Ev/src/java/model/Pedido.java</file>
            <file>file:/C:/Users/diurno/workspace_ad/Examen2Ev/src/java/model/Plato.java</file>
            <file>file:/C:/Users/diurno/workspace_ad/Examen2Ev/src/java/model/Categoria.java</file>
            <file>file:/C:/Users/diurno/workspace_ad/Examen2Ev/web/home.jsp</file>
            <file>file:/C:/Users/diurno/workspace_ad/Examen2Ev/src/java/servlet/Controller.java</file>
        </group>
    </open-files>
</project-private>
